{"minzoom":0,"maxzoom":9,"center":[90.351562,22.268386,9.0],"bounds":[88.011421,20.488733,92.684678,26.632813]}