{"minzoom":0,"maxzoom":8,"center":[90.703125,22.592196,8.0],"bounds":[88.011421,20.488733,92.684678,26.632813]}